Handle,Title,Body (HTML),Vendor,Type,Tags,Published,Option1 Name,Option1 Value,Option2 Name,Option2 Value,Option3 Name,Option3 Value,Variant SKU,Variant Grams,Variant Inventory Tracker,Variant Inventory Qty,Variant Inventory Policy,Variant Fulfillment Service,Variant Price,Variant Compare At Price,Variant Requires Shipping,Variant Taxable,Variant Barcode,Image Src,Image Position,Image Alt Text,Gift Card,SEO Title,SEO Description,Google Shopping / Google Product Category,Google Shopping / Gender,Google Shopping / Age Group,Google Shopping / MPN,Google Shopping / AdWords Grouping,Google Shopping / AdWords Labels,Google Shopping / Condition,Google Shopping / Custom Product,Google Shopping / Custom Label 0,Google Shopping / Custom Label 1,Google Shopping / Custom Label 2,Google Shopping / Custom Label 3,Google Shopping / Custom Label 4,Variant Image,Variant Weight Unit,Variant Tax Code
h-ear-in-2-wireless,h.ear in 2 Wireless,"<p><span>[shortdesc]Bring harmony into your life with the colors of the h.ear range. Available in five unique shades, each one fits seamlessly with your style and your world.[/shortdesc]</span></p>
[tab]
<h2 style=""text-align: center;"">Colors in harmony </h2>
<div style=""text-align: center;"">
<span>The new h.ear range comes in colors to suit your lifestyle perfectly.</span><sup class=""footNoteNumber footNoteNumber_done"" data-footnote=""Color/product availability varies by region."" data-hasqtip=""1""><a name=""2""></a>2</sup><span> The tones work with a spectrum of hues and different colors. Try them with your favorite outfit and it all just works in effortless harmony.</span>
</div>
<div style=""text-align: center;""><span></span></div>
<div style=""text-align: center;""><span><br><img src=""//cdn.shopify.com/s/files/1/2232/1183/files/s6.jpg?v=1520306159"" alt=""""></span></div>
<h2 class=""t2"" style=""text-align: center;"">Choose your color</h2>
<p>[slick action=""new slicks"" class=""demo-slick"" columns_item=""1""] [slick action=""new slick""] <img class=""img-responsive"" alt=""Twilight red"" src=""https://cdn.shopify.com/s/files/1/2232/1183/files/s4_47974e05-345a-40d0-9b31-ef0a0045930c.jpg?8905349748595733746""> [slick action=""end slick""] [slick action=""new slick""] <img class=""img-responsive"" alt=""Horizon Green"" src=""https://cdn.shopify.com/s/files/1/2232/1183/files/s5.jpg?8905349748595733746""> [slick action=""end slick""] [slick action=""new slick""] <img class=""img-responsive"" alt=""Grayish Black"" src=""https://cdn.shopify.com/s/files/1/2232/1183/files/s3.jpg?8905349748595733746""> [slick action=""end slick""] [slick action=""new slick""] <img class=""img-responsive"" alt=""Moonlit Blue"" src=""https://cdn.shopify.com/s/files/1/2232/1183/files/s1_bfe6633e-221f-4fd2-8707-9f5f839b1e5c.jpg?8905349748595733746""> [slick action=""end slick""] [slick action=""new slick""] <img class=""img-responsive"" alt=""Pale gold"" src=""https://cdn.shopify.com/s/files/1/2232/1183/files/s2_7d03a609-a4db-405b-8e04-d6e2bc834f2e.jpg?8905349748595733746""> [slick action=""end slick""] [slick action=""end slicks""]</p>
<div class=""row no-margin"">
<div class=""col-md-6 col-sm-12 no-padding"">
<div style=""padding: 50px; background-color: #f1f1f1;"">
<img src=""//cdn.shopify.com/s/files/1/2232/1183/files/s10.png?v=1520308440"" alt="""" style=""display: block; margin-left: auto; margin-right: auto;"">
<h4 style=""text-align: center;"">9-mm dome-type driver</h4>
<p style=""text-align: center;"">Specially-designed 9-mm drivers deliver powerful<br>lows and bright, balanced highs.</p>
</div>
</div>
<div class=""col-md-6 col-sm-12 no-padding"" style=""text-align: left;"">
<div style=""padding: 50px; background-color: #f1f1f1;"">
<img src=""//cdn.shopify.com/s/files/1/2232/1183/files/s11.png?v=1520308453"" alt="""" style=""display: block; margin-left: auto; margin-right: auto;"">
<h4 style=""text-align: center;"">Wide frequency range</h4>
<p style=""text-align: center;"">Your music sounds great from genre to genre thanks <br>to a wide frequency range.</p>
</div>
</div>
</div>
<h2 class=""t2"" style=""text-align: center;"">All-day listening comfort</h2>
<p style=""text-align: center;""><span>The h.ear in 2 Wireless comes with four sizes of earbud, so you can find the most comfortable fit. And with the inline remote and mic, you can control tracks and take calls without touching your phone. </span></p>
<div><img src=""//cdn.shopify.com/s/files/1/2232/1183/files/s1_bfe6633e-221f-4fd2-8707-9f5f839b1e5c.jpg?v=1520305621"" alt="""" style=""display: block; margin-left: auto; margin-right: auto;""></div>
<div class=""row no-margin"">
<div class=""col-md-6 col-sm-12 no-padding"">
<div style=""padding: 50px; background-color: #f1f1f1;"">
<img src=""//cdn.shopify.com/s/files/1/2232/1183/files/s8.jpg?v=1520306874"" alt="""" style=""display: block; margin-left: auto; margin-right: auto;"">
<h4 style=""text-align: center;"">Keep them together</h4>
<p style=""text-align: center;"">a handy magnetic clasp means the earbuds are always<br>in place when you need them.</p>
</div>
</div>
<div class=""col-md-6 col-sm-12 no-padding"" style=""text-align: left;"">
<div style=""padding: 50px; background-color: #f1f1f1;"">
<img src=""//cdn.shopify.com/s/files/1/2232/1183/files/s9.jpg?v=1520306879"" alt="""" style=""display: block; margin-left: auto; margin-right: auto;"">
<h4 style=""text-align: center;"">Feel vibrations</h4>
<p style=""text-align: center;"">Syncing smoothly with your smartphone, the h.ear in 2 Wireless neckband vibrates when you get calls.</p>
</div>
</div>
</div>
[/tab] <span>[video]http://www.youtube.com/watch?v=Mog5KJBJoy0I[/video]</span>",Sony,Electro,"Assistant, en_price_$50_-_$400, en_vender_Sony, headphone, Wireless",true,Color,Coral,,,,,wi-h700,3,,1,deny,manual,199.99,210.00,true,true,"",https://cdn.shopify.com/s/files/1/2232/1183/products/b6.jpg?v=1520303965,1,,false,,,,,,,,,,,,,,,,https://cdn.shopify.com/s/files/1/2232/1183/products/b6.jpg?v=1520303965,g,
h-ear-in-2-wireless,,,,,,,,LightSteelBlue,,,,,"",3,,1,deny,manual,199.99,210.00,true,true,"",https://cdn.shopify.com/s/files/1/2232/1183/products/b7.jpg?v=1520303965,2,,,,,,,,,,,,,,,,,,https://cdn.shopify.com/s/files/1/2232/1183/products/b7.jpg?v=1520303965,g,
h-ear-in-2-wireless,,,,,,,,Grey,,,,,"",3,,1,deny,manual,199.99,210.00,true,true,"",https://cdn.shopify.com/s/files/1/2232/1183/products/b1.jpg?v=1520303966,3,,,,,,,,,,,,,,,,,,https://cdn.shopify.com/s/files/1/2232/1183/products/b1.jpg?v=1520303966,g,
h-ear-in-2-wireless,,,,,,,,LemonChiffon,,,,,"",3,,1,deny,manual,199.99,210.00,true,true,"",https://cdn.shopify.com/s/files/1/2232/1183/products/b8.jpg?v=1520303967,4,,,,,,,,,,,,,,,,,,https://cdn.shopify.com/s/files/1/2232/1183/products/b8.jpg?v=1520303967,g,
h-ear-in-2-wireless,,,,,,,,LightSeaGreen,,,,,"",3,,1,deny,manual,199.99,210.00,true,true,"",https://cdn.shopify.com/s/files/1/2232/1183/products/b9.jpg?v=1520303967,5,,,,,,,,,,,,,,,,,,https://cdn.shopify.com/s/files/1/2232/1183/products/b9.jpg?v=1520303967,g,
h-ear-in-2-wireless,,,,,,,,,,,,,,,,,,,,,,,,https://cdn.shopify.com/s/files/1/2232/1183/products/b2.jpg?v=1520303968,6,,,,,,,,,,,,,,,,,,,,
h-ear-in-2-wireless,,,,,,,,,,,,,,,,,,,,,,,,https://cdn.shopify.com/s/files/1/2232/1183/products/b3.jpg?v=1520303968,7,,,,,,,,,,,,,,,,,,,,
h-ear-in-2-wireless,,,,,,,,,,,,,,,,,,,,,,,,https://cdn.shopify.com/s/files/1/2232/1183/products/b4.jpg?v=1520303969,8,,,,,,,,,,,,,,,,,,,,
h-ear-in-2-wireless,,,,,,,,,,,,,,,,,,,,,,,,https://cdn.shopify.com/s/files/1/2232/1183/products/b5.jpg?v=1520303969,9,,,,,,,,,,,,,,,,,,,,
light-minimal,Pendant lights,"<p> </p>
<ul>
<li><span style=""line-height: 1.4;"">100% organic cotton, stone washed slub knit 6 oz jersey fabric</span></li>
<li><span style=""line-height: 1.4;"">Made in California</span></li>
</ul>
<span style=""line-height: 1.4;""></span>
<ul class=""tabs-content""></ul>",Pen,lights,"Accessories, en_color_Blue, en_type_Decor",true,Color,Navy,Size,XS,,,41WGRNBV1,0,shopify,0,deny,manual,36.00,,true,false,,https://cdn.shopify.com/s/files/1/2232/1183/products/d1.jpg?v=1515775857,1,,false,,,,,,,,,,,,,,,,,kg,
light-minimal,,,,,,,,Navy,,S,,,41WGRNBV2,0,shopify,6,deny,manual,36.00,,true,false,,https://cdn.shopify.com/s/files/1/2232/1183/products/d2.jpg?v=1515775864,2,,,,,,,,,,,,,,,,,,,kg,
light-minimal,,,,,,,,Navy,,M,,,41WGRNBV3,0,shopify,0,deny,manual,36.00,,true,false,,,,,,,,,,,,,,,,,,,,,,kg,
light-minimal,,,,,,,,Navy,,L,,,41WGRNBV4,0,shopify,0,deny,manual,36.00,,true,false,,,,,,,,,,,,,,,,,,,,,,kg,
light-minimal,,,,,,,,Navy,,XL,,,41WGRNBV5,0,shopify,0,deny,manual,36.00,,true,false,,,,,,,,,,,,,,,,,,,,,,kg,
dipped-vase,Dipped Vase,"<p>The Mesabi Iron Range lies in northern Minnesota, a rugged and remote area known for its iron mines. The local residents who work these mines are proudly known as Iron Rangers, individuals with a sense of adventure and a determined personality. Originally designed to be worn in the iron mines, Iron Ranger work boots had to be as tough as the people who wore them in demanding conditions. Iron Ranger boots are built with a double layer of leaver over the toe to provide an extra measure of safety.</p>
<ul class=""tabs-content"">
<li><span style=""line-height: 1.5;"">6 inch, Amber Harness leather with Nitrile Cork sole.</span></li>
</ul>
<ul class=""tabs-content""></ul>",Marble,Outdoor,"Accessories, copper, en_color_Gray, en_price_$10_-_$100, en_vender_Kgo, en_vender_Zarahome, living, vase",true,Size,7,,,,,RW8111-7,0,shopify,10,deny,manual,10.00,,true,true,,https://cdn.shopify.com/s/files/1/2232/1183/products/12_cba352e2-beda-4bd7-9b8a-9a8fd413956a.jpg?v=1507694234,1,,false,,,,,,,,,,,,,,,,,kg,
dipped-vase,,,,,,,,7.5,,,,,RW8111-7.5,0,shopify,1,deny,manual,11.00,,true,true,,https://cdn.shopify.com/s/files/1/2232/1183/products/13_53723822-8c53-4efe-8c41-4a73f41fc58e.jpg?v=1507694234,2,,,,,,,,,,,,,,,,,,,kg,
dipped-vase,,,,,,,,8,,,,,RW8111-8,0,shopify,1,deny,manual,13.00,,true,true,,,,,,,,,,,,,,,,,,,,,,kg,
planter-pot,Planter Pot,"<p>The Mesabi Iron Range lies in northern Minnesota, a rugged and remote area known for its iron mines. The local residents who work these mines are proudly known as Iron Rangers, individuals with a sense of adventure and a determined personality. Originally designed to be worn in the iron mines, Iron Ranger work boots had to be as tough as the people who wore them in demanding conditions. Iron Ranger boots are built with a double layer of leaver over the toe to provide an extra measure of safety.</p>
<ul class=""tabs-content"">
<li><span style=""line-height: 1.5;"">6 inch, Amber Harness leather with Nitrile Cork sole.</span></li>
</ul>
<ul class=""tabs-content""></ul>",Marble,Outdoor,"Accessories, living, pots, tree, vase",true,Size,7,,,,,RW8111-7,0,shopify,10,deny,manual,10.00,,true,true,,https://cdn.shopify.com/s/files/1/2232/1183/products/9_0d35d61e-71f3-45f1-a873-622a6c08d467.jpg?v=1507692101,1,,false,,,,,,,,,,,,,,,,,kg,
planter-pot,,,,,,,,7.5,,,,,RW8111-7.5,0,shopify,1,deny,manual,11.00,,true,true,,https://cdn.shopify.com/s/files/1/2232/1183/products/10_0e0fb44f-8696-4fec-b81a-9565b02c1a8f.jpg?v=1507692101,2,,,,,,,,,,,,,,,,,,,kg,
planter-pot,,,,,,,,8,,,,,RW8111-8,0,shopify,1,deny,manual,13.00,,true,true,,,,,,,,,,,,,,,,,,,,,,kg,
table-white,Table White,"<p>The Mesabi Iron Range lies in northern Minnesota, a rugged and remote area known for its iron mines. The local residents who work these mines are proudly known as Iron Rangers, individuals with a sense of adventure and a determined personality. Originally designed to be worn in the iron mines, Iron Ranger work boots had to be as tough as the people who wore them in demanding conditions. Iron Ranger boots are built with a double layer of leaver over the toe to provide an extra measure of safety.</p>
<ul class=""tabs-content"">
<li><span style=""line-height: 1.5;"">6 inch, Amber Harness leather with Nitrile Cork sole.</span></li>
</ul>
<ul class=""tabs-content""></ul>",Marble,Outdoor,"Accessories, en_price_$50_-_$100, en_type_Decor, en_type_Ourdoor, living, table, wood",true,Size,7,,,,,RW8111-7,0,shopify,10,deny,manual,10.00,,true,true,,https://cdn.shopify.com/s/files/1/2232/1183/products/7_5efb4788-4a12-4367-a2da-0f9052e5c581.jpg?v=1507691462,1,,false,,,,,,,,,,,,,,,,,kg,
table-white,,,,,,,,7.5,,,,,RW8111-7.5,0,shopify,1,deny,manual,11.00,,true,true,,https://cdn.shopify.com/s/files/1/2232/1183/products/8_c23225da-f331-45d2-9417-43399aab6aaf.jpg?v=1507691462,2,,,,,,,,,,,,,,,,,,,kg,
table-white,,,,,,,,8,,,,,RW8111-8,0,shopify,1,deny,manual,13.00,,true,true,,,,,,,,,,,,,,,,,,,,,,kg,
wall-cloth,Wall cloth,"<p>The Mesabi Iron Range lies in northern Minnesota, a rugged and remote area known for its iron mines. The local residents who work these mines are proudly known as Iron Rangers, individuals with a sense of adventure and a determined personality. Originally designed to be worn in the iron mines, Iron Ranger work boots had to be as tough as the people who wore them in demanding conditions. Iron Ranger boots are built with a double layer of leaver over the toe to provide an extra measure of safety.</p>
<ul class=""tabs-content"">
<li><span style=""line-height: 1.5;"">6 inch, Amber Harness leather with Nitrile Cork sole.</span></li>
</ul>
<ul class=""tabs-content""></ul>",Marble,Outdoor,"Accessories, cotton, living, textured",true,Size,7,,,,,RW8111-7,0,shopify,8,deny,manual,10.00,,true,true,,https://cdn.shopify.com/s/files/1/2232/1183/products/5_d00f9ecb-78f6-4298-9448-d0b0201acaa2.jpg?v=1507691166,1,,false,,,,,,,,,,,,,,,,,kg,
wall-cloth,,,,,,,,7.5,,,,,RW8111-7.5,0,shopify,1,deny,manual,11.00,,true,true,,https://cdn.shopify.com/s/files/1/2232/1183/products/6_2beaf408-9fa8-4f7d-95c0-7454ebc16fe5.jpg?v=1507691166,2,,,,,,,,,,,,,,,,,,,kg,
wall-cloth,,,,,,,,8,,,,,RW8111-8,0,shopify,1,deny,manual,13.00,,true,true,,,,,,,,,,,,,,,,,,,,,,kg,
twist-vase,Twist Vase,"<p> </p>
<p>Durable, rugged, and dependable designed with four zipper compartments. Two bellowed front pockets allow for easy access to smaller items, one large, spacious compartment with a padded laptop sleeve, and a tiny convenient pouch on top to keep keys and other small items secure. The Hudderton is built with organic downpour proof canvas, a durable full grain leather bottom to prevent wear and tear, and padded canvas shoulder straps for all-day comfort. From the commute to the trail the Hudderton is perfect for bag for the entire week.</p>
<ul>
<li><span style=""line-height: 1.4;"">100% organic waxed 18 oz canvas</span></li>
<li><span style=""line-height: 1.4;"">Full grain genuine leather detail</span></li>
<li><span style=""line-height: 1.4;"">Soft interior cotton lining</span></li>
<li><span style=""line-height: 1.4;"">Brass hardware and YKK zippers</span></li>
<li><span style=""line-height: 1.4;"">Cotton Padded interior laptop sleeve</span></li>
<li>Lifetime Guarantee</li>
</ul>
<ul class=""tabs-content""></ul>",United By Blue,Bags,"Accessories, vase",true,Color,Khaki,,,,,'4141,1361,shopify,8,deny,manual,98.00,,true,true,,https://cdn.shopify.com/s/files/1/2232/1183/products/2_a663fb58-2604-4a4e-8e3f-ae9e061eaeae.jpg?v=1507690152,1,,false,,"100% organic canvas exterior with adjustable back straps, leather details, and brass hardware. Available in Navy Blue, Khaki, Moss Green, and Nutmeg",,,,,,,,,,,,,,,kg,
twist-vase,,,,,,,,Moss,,,,,'4138,1361,shopify,4,deny,manual,98.00,,true,true,,https://cdn.shopify.com/s/files/1/2232/1183/products/51_48236bfb-e4f0-4b48-8a73-b019d544f8f7.jpg?v=1507690152,2,,,,,,,,,,,,,,,,,,,kg,
twist-vase,,,,,,,,Nutmeg,,,,,'4140,1361,shopify,3,deny,manual,98.00,,true,true,,https://cdn.shopify.com/s/files/1/2232/1183/products/52_6e9fa494-71b7-438e-8f3b-0ade4380d64e.jpg?v=1507690152,3,,,,,,,,,,,,,,,,,,,kg,
twist-vase,,,,,,,,Navy Blue,,,,,'4139,1361,shopify,0,deny,manual,98.00,,true,true,,https://cdn.shopify.com/s/files/1/2232/1183/products/53_2da231a8-456f-4b99-aaf6-ab397eef6285.jpg?v=1507690152,4,,,,,,,,,,,,,,,,,,,kg,
twist-vase,,,,,,,,,,,,,,,,,,,,,,,,https://cdn.shopify.com/s/files/1/2232/1183/products/3_edea8db6-8a79-4f7e-b4af-ce3aac85f032.jpg?v=1507690152,5,,,,,,,,,,,,,,,,,,,,
twist-vase,,,,,,,,,,,,,,,,,,,,,,,,https://cdn.shopify.com/s/files/1/2232/1183/products/4_9abf03f3-fc59-40a6-9e38-1d47645448e8.jpg?v=1507690152,6,,,,,,,,,,,,,,,,,,,,
table-circle,Table Circle,"<p>The Mesabi Iron Range lies in northern Minnesota, a rugged and remote area known for its iron mines. The local residents who work these mines are proudly known as Iron Rangers, individuals with a sense of adventure and a determined personality. Originally designed to be worn in the iron mines, Iron Ranger work boots had to be as tough as the people who wore them in demanding conditions. Iron Ranger boots are built with a double layer of leaver over the toe to provide an extra measure of safety.</p>
<ul class=""tabs-content"">
<li><span style=""line-height: 1.5;"">6 inch, Amber Harness leather with Nitrile Cork sole.</span></li>
</ul>
<ul class=""tabs-content""></ul>",Marble,Outdoor,"Accessories, bowl, copper, en_color_Wood, table",true,Size,7,,,,,RW8111-7,0,shopify,10,deny,manual,310.00,,true,true,,https://cdn.shopify.com/s/files/1/2232/1183/products/87.jpg?v=1507659883,1,,false,,,,,,,,,,,,,,,,,kg,
table-circle,,,,,,,,7.5,,,,,RW8111-7.5,0,shopify,10,deny,manual,310.00,,true,true,,https://cdn.shopify.com/s/files/1/2232/1183/products/88.jpg?v=1507659883,2,,,,,,,,,,,,,,,,,,,kg,
table-circle,,,,,,,,8,,,,,RW8111-8,0,shopify,10,deny,manual,310.00,,true,true,,,,,,,,,,,,,,,,,,,,,,kg,
wine-glasses,Wine Glasses,"<p>The Mesabi Iron Range lies in northern Minnesota, a rugged and remote area known for its iron mines. The local residents who work these mines are proudly known as Iron Rangers, individuals with a sense of adventure and a determined personality. Originally designed to be worn in the iron mines, Iron Ranger work boots had to be as tough as the people who wore them in demanding conditions. Iron Ranger boots are built with a double layer of leaver over the toe to provide an extra measure of safety.</p>
<ul class=""tabs-content"">
<li><span style=""line-height: 1.5;"">6 inch, Amber Harness leather with Nitrile Cork sole.</span></li>
</ul>
<ul class=""tabs-content""></ul>",Marble,Outdoor,"Accessories, bowl, copper",true,Size,7,,,,,RW8111-7,0,shopify,10,deny,manual,10.00,,true,true,,https://cdn.shopify.com/s/files/1/2232/1183/products/1_e0fe1f72-3de0-446b-b4f4-db1e41a89dd0.jpg?v=1507688717,1,,false,,,,,,,,,,,,,,,,https://cdn.shopify.com/s/files/1/2232/1183/products/85.jpg?v=1507688717,kg,
wine-glasses,,,,,,,,7.5,,,,,RW8111-7.5,0,shopify,1,deny,manual,11.00,,true,true,,https://cdn.shopify.com/s/files/1/2232/1183/products/85.jpg?v=1507688717,2,,,,,,,,,,,,,,,,,,,kg,
wine-glasses,,,,,,,,8,,,,,RW8111-8,0,shopify,1,deny,manual,13.00,,true,true,,https://cdn.shopify.com/s/files/1/2232/1183/products/86.jpg?v=1507688717,3,,,,,,,,,,,,,,,,,,,kg,
tonale-large-bowl,Tonale large bowl,"<p>The Mesabi Iron Range lies in northern Minnesota, a rugged and remote area known for its iron mines. The local residents who work these mines are proudly known as Iron Rangers, individuals with a sense of adventure and a determined personality. Originally designed to be worn in the iron mines, Iron Ranger work boots had to be as tough as the people who wore them in demanding conditions. Iron Ranger boots are built with a double layer of leaver over the toe to provide an extra measure of safety.</p>
<ul class=""tabs-content"">
<li><span style=""line-height: 1.5;"">6 inch, Amber Harness leather with Nitrile Cork sole.</span></li>
</ul>
<ul class=""tabs-content""></ul>",Marble,Outdoor,"Accessories, bowl, copper",true,Size,7,,,,,RW8111-7,0,shopify,1,deny,manual,310.00,,true,true,,https://cdn.shopify.com/s/files/1/2232/1183/products/83.jpg?v=1507659210,1,,false,,,,,,,,,,,,,,,,,kg,
tonale-large-bowl,,,,,,,,7.5,,,,,RW8111-7.5,0,shopify,1,deny,manual,310.00,,true,true,,https://cdn.shopify.com/s/files/1/2232/1183/products/84.jpg?v=1507659211,2,,,,,,,,,,,,,,,,,,,kg,
tonale-large-bowl,,,,,,,,8,,,,,RW8111-8,0,shopify,1,deny,manual,310.00,,true,true,,,,,,,,,,,,,,,,,,,,,,kg,
hudderton-backpack,Hudderton Space,"<p> </p>
<p>Durable, rugged, and dependable designed with four zipper compartments. Two bellowed front pockets allow for easy access to smaller items, one large, spacious compartment with a padded laptop sleeve, and a tiny convenient pouch on top to keep keys and other small items secure. The Hudderton is built with organic downpour proof canvas, a durable full grain leather bottom to prevent wear and tear, and padded canvas shoulder straps for all-day comfort. From the commute to the trail the Hudderton is perfect for bag for the entire week.</p>
<ul>
<li><span style=""line-height: 1.4;"">100% organic waxed 18 oz canvas</span></li>
<li><span style=""line-height: 1.4;"">Full grain genuine leather detail</span></li>
<li><span style=""line-height: 1.4;"">Soft interior cotton lining</span></li>
<li><span style=""line-height: 1.4;"">Brass hardware and YKK zippers</span></li>
<li><span style=""line-height: 1.4;"">Cotton Padded interior laptop sleeve</span></li>
<li>Lifetime Guarantee</li>
</ul>
<ul class=""tabs-content""></ul>",United By Blue,Space,"decor, planted",true,Color,Khaki,,,,,'4141,1361,shopify,8,deny,manual,98.00,,true,true,,https://cdn.shopify.com/s/files/1/2232/1183/products/51.jpg?v=1502643673,1,,false,,"100% organic canvas exterior with adjustable back straps, leather details, and brass hardware. Available in Navy Blue, Khaki, Moss Green, and Nutmeg",,,,,,,,,,,,,,,kg,
hudderton-backpack,,,,,,,,Moss,,,,,'4138,1361,shopify,4,deny,manual,98.00,,true,true,,https://cdn.shopify.com/s/files/1/2232/1183/products/52.jpg?v=1502643673,2,,,,,,,,,,,,,,,,,,,kg,
hudderton-backpack,,,,,,,,Nutmeg,,,,,'4140,1361,shopify,3,deny,manual,98.00,,true,true,,https://cdn.shopify.com/s/files/1/2232/1183/products/53.jpg?v=1502643673,3,,,,,,,,,,,,,,,,,,,kg,
hudderton-backpack,,,,,,,,Navy Blue,,,,,'4139,1361,shopify,0,deny,manual,98.00,,true,true,,,,,,,,,,,,,,,,,,,,,,kg,
camp-stool,Camp Stool,"<p><em>This is a demonstration store. You can purchase products like this from United By Blue.</em></p>
<p class=""p1"">The Camp Stool is a classic take-anywhere seat that folds flat for easy transport and storage. The stool is crafted in Western North Carolina of kiln dried American Ash hardwood that has been finished with a protective Danish oil. The base of the seat is made from our classic navy blue organic cotton canvas, the same we use in products such as our Foraker Coat,  that is used to make the back of the chair, and detailed with a United By Blue woven patch. This stool is part of a collaboration United By Blue has with heritage outdoor furniture maker Blue Ridge Chair Works.</p>
<ul>
<li><span style=""line-height: 1.4;"">Chair Weight: 4 lbs</span></li>
<li><span style=""line-height: 1.4;"">Open Size: 16”w x 11”d x 18”h</span></li>
<li><span style=""line-height: 1.4;"">Weight Capacity: 300 lbs</span></li>
<li><span style=""line-height: 1.4;"">Made in the USA</span></li>
</ul>",United By Blue,Outdoor,"Accessories, en_price_$50_-_$100, garden",true,Title,Camp Stool,,,,,STOOLNB,0,shopify,8,deny,manual,78.00,,true,true,,https://cdn.shopify.com/s/files/1/2232/1183/products/12.jpg?v=1502623007,1,,false,,,,,,,,,,,,,,,,,kg,
camp-stool,,,,,,,,,,,,,,,,,,,,,,,,https://cdn.shopify.com/s/files/1/2232/1183/products/13.jpg?v=1502623007,2,,,,,,,,,,,,,,,,,,,,
camp-stool,,,,,,,,,,,,,,,,,,,,,,,,https://cdn.shopify.com/s/files/1/2232/1183/products/14.jpg?v=1502623007,3,,,,,,,,,,,,,,,,,,,,
camp-stool,,,,,,,,,,,,,,,,,,,,,,,,https://cdn.shopify.com/s/files/1/2232/1183/products/15.jpg?v=1502623007,4,,,,,,,,,,,,,,,,,,,,
snow-peak-titanium-single-wall-cup,Double Wall Mug,"<p>[shortdesc]Donec fringilla sapien sed elit luctus, eget mattis dolor efficitur. Ut id libero nulla[/shortdesc]</p>
<p>Snow Peak’s classic insulated stainless steel mug is perfect for the home or campsite.</p>",Snow Peak,Outdoor,"Accessories, cotton, en_color_Multi, en_price_$10_-_$100, en_type_Ourdoor, en_vender_Dior, en_vender_Zarahome",true,Size,M,Color,Gray,,,MG-043R,0,shopify,3,deny,manual,24.00,,true,true,"",https://cdn.shopify.com/s/files/1/2232/1183/products/34_52edd850-3694-4302-8416-0a8efaf65781.jpg?v=1502642343,1,,false,,,,,,,,,,,,,,,,https://cdn.shopify.com/s/files/1/2232/1183/products/34_52edd850-3694-4302-8416-0a8efaf65781.jpg?v=1502642343,lb,
snow-peak-titanium-single-wall-cup,,,,,,,,N,,grid,,,KUN,0,shopify,10,deny,manual,22.00,25.00,true,true,"",https://cdn.shopify.com/s/files/1/2232/1183/products/35_189926df-5cb1-4083-87f4-88b5aaf79fb3.jpg?v=1502642343,2,,,,,,,,,,,,,,,,,,https://cdn.shopify.com/s/files/1/2232/1183/products/35_189926df-5cb1-4083-87f4-88b5aaf79fb3.jpg?v=1502642343,lb,
snow-peak-mola-headlamp,Chair circle,"<p>The Mola Headlamp is a powerful, innovative new LED lamp that follows the angle of your eyes as you look up and down, eliminating the need for clunky hinges.</p>",Snow Peak,Outdoor,"Chair, circle, en_color_Black, en_color_Gray, en_color_Wood, en_color_Yellow, en_price_$10_-_$100",true,Title,wood,,,,,ES-060OL,0,shopify,10,deny,manual,45.00,,true,true,"",https://cdn.shopify.com/s/files/1/2232/1183/products/g2_a71feaba-6a09-465d-bcfe-3b46e2e6ebd2.jpg?v=1515855655,1,,false,,,,,,,,,,,,,,,,https://cdn.shopify.com/s/files/1/2232/1183/products/g2_a71feaba-6a09-465d-bcfe-3b46e2e6ebd2.jpg?v=1515855655,kg,
snow-peak-mola-headlamp,,,,,,,,black,,,,,axn-black,0,shopify,5,deny,manual,50.00,,true,true,"",https://cdn.shopify.com/s/files/1/2232/1183/products/g1_f2c27801-2c6e-43f3-b1a1-c52e8b410581.jpg?v=1515855655,2,,,,,,,,,,,,,,,,,,https://cdn.shopify.com/s/files/1/2232/1183/products/g1_f2c27801-2c6e-43f3-b1a1-c52e8b410581.jpg?v=1515855655,kg,
snow-peak-mola-headlamp,,,,,,,,,,,,,,,,,,,,,,,,https://cdn.shopify.com/s/files/1/2232/1183/products/g1.jpg?v=1515855655,3,,,,,,,,,,,,,,,,,,,,
snow-peak-mola-headlamp,,,,,,,,,,,,,,,,,,,,,,,,https://cdn.shopify.com/s/files/1/2232/1183/products/g2.jpg?v=1515855655,4,,,,,,,,,,,,,,,,,,,,
long-sleeve-swing,Play House Dog,"<p>Julie is 5'8"" and is wearing a size small.</p>
<ul class=""tabs-content"">
<li><span style=""line-height: 1.4;"">We updated our standard with a relaxed fit that stands up to constant wear.</span></li>
<li><span style=""line-height: 1.4;"">100% Organic Cotton</span></li>
<li><span style=""line-height: 1.4;"">Imported</span></li>
<li>Relaxed Fit.</li>
</ul>
<p> </p>
<ul class=""tabs-content""></ul>
<ul class=""tabs-content""></ul>",ZaraHome,Pets,"bowl, Chair",true,Color,Deep Water,Size,XS,,,43WSSDW1,0,shopify,8,deny,manual,46.00,,true,false,,https://cdn.shopify.com/s/files/1/2232/1183/products/61.jpg?v=1502644790,1,,false,,,,,,,,,,,,,,,,,kg,
long-sleeve-swing,,,,,,,,Deep Water,,S,,,43WSSDW2,0,shopify,8,deny,manual,46.00,,true,false,,https://cdn.shopify.com/s/files/1/2232/1183/products/62.jpg?v=1502644790,2,,,,,,,,,,,,,,,,,,,kg,
long-sleeve-swing,,,,,,,,Deep Water,,M,,,43WSSDW3,0,shopify,11,deny,manual,46.00,,true,false,,https://cdn.shopify.com/s/files/1/2232/1183/products/63.jpg?v=1502644790,3,,,,,,,,,,,,,,,,,,,kg,
long-sleeve-swing,,,,,,,,Deep Water,,L,,,43WSSDW4,0,shopify,0,deny,manual,46.00,,true,false,,https://cdn.shopify.com/s/files/1/2232/1183/products/64.jpg?v=1502644790,4,,,,,,,,,,,,,,,,,,,kg,
long-sleeve-swing,,,,,,,,Deep Water,,XL,,,43WSSDW5,0,shopify,6,deny,manual,46.00,,true,false,,,,,,,,,,,,,,,,,,,,,,kg,
long-sleeve-swing,,,,,,,,Burgundy,,XS,,,43WSSBU1,0,shopify,8,deny,manual,46.00,,true,false,,,,,,,,,,,,,,,,,,,,,,kg,
long-sleeve-swing,,,,,,,,Burgundy,,S,,,43WSSBU2,0,shopify,9,deny,manual,46.00,,true,false,,,,,,,,,,,,,,,,,,,,,,kg,
long-sleeve-swing,,,,,,,,Burgundy,,M,,,43WSSBU3,0,shopify,4,deny,manual,46.00,,true,false,,,,,,,,,,,,,,,,,,,,,,kg,
long-sleeve-swing,,,,,,,,Burgundy,,L,,,43WSSBU4,0,shopify,6,deny,manual,46.00,,true,false,,,,,,,,,,,,,,,,,,,,,,kg,
long-sleeve-swing,,,,,,,,Burgundy,,XL,,,43WSSBU5,0,shopify,7,deny,manual,46.00,,true,false,,,,,,,,,,,,,,,,,,,,,,kg,
redwing-iron-ranger,Red Wing Iron Ranger Boot,"<p>The Mesabi Iron Range lies in northern Minnesota, a rugged and remote area known for its iron mines. The local residents who work these mines are proudly known as Iron Rangers, individuals with a sense of adventure and a determined personality. Originally designed to be worn in the iron mines, Iron Ranger work boots had to be as tough as the people who wore them in demanding conditions. Iron Ranger boots are built with a double layer of leaver over the toe to provide an extra measure of safety.</p>
<ul class=""tabs-content"">
<li><span style=""line-height: 1.5;"">6 inch, Amber Harness leather with Nitrile Cork sole.</span></li>
</ul>
<ul class=""tabs-content""></ul>",Marble,Outdoor,"Accessories, copper, en_price_$50_-_$400",true,Size,7,,,,,RW8111-7,0,shopify,5,deny,manual,310.00,,true,true,,https://cdn.shopify.com/s/files/1/2232/1183/products/80.jpg?v=1504113692,1,,false,,,,,,,,,,,,,,,,,kg,
redwing-iron-ranger,,,,,,,,7.5,,,,,RW8111-7.5,0,shopify,5,deny,manual,310.00,,true,true,,https://cdn.shopify.com/s/files/1/2232/1183/products/82.jpg?v=1504113692,2,,,,,,,,,,,,,,,,,,,kg,
redwing-iron-ranger,,,,,,,,8,,,,,RW8111-8,0,shopify,5,deny,manual,310.00,,true,true,,https://cdn.shopify.com/s/files/1/2232/1183/products/79.jpg?v=1504113692,3,,,,,,,,,,,,,,,,,,,kg,
cydney-plaid,Cydney Plaid,"<p><em>This is a demonstration store. You can purchase products like this from <a href=""http://unitedbyblue.com/"" target=""_blank"" rel=""noopener noreferrer"">United By Blue</a>.</em></p>
<ul class=""tabs-content"">
<li><span style=""line-height: 1.4;"">Super soft, super responsible - our wovens were made to last.</span></li>
<li><span style=""line-height: 1.4;"">Short sleeve</span></li>
<li><span style=""line-height: 1.4;"">Made of 100% Organic Cotton Plaid, 4 oz</span></li>
<li><span style=""line-height: 1.4;"">Made in USA</span></li>
</ul>
<ul class=""tabs-content""></ul>",United By Blue,Home,"en_color_Gray, en_price_$50_-_$400, en_size_M, en_type_Decor, living, vase",true,Size,XS,,,,,43WPLBR1,454,shopify,1,deny,manual,98.00,,true,false,,https://cdn.shopify.com/s/files/1/2232/1183/products/22.jpg?v=1502636500,1,,false,,"100% Organic Cotton Plaid woven button down womens shirt, 4 oz Natural Corozo Buttons Made in the USA",,,,,,,,,,,,,,,kg,
cydney-plaid,,,,,,,,S,,,,,43WPLBR2,454,shopify,0,deny,manual,98.00,,true,false,,https://cdn.shopify.com/s/files/1/2232/1183/products/26.jpg?v=1502636500,2,,,,,,,,,,,,,,,,,,,kg,
cydney-plaid,,,,,,,,M,,,,,43WPLBR3,454,shopify,0,deny,manual,98.00,,true,false,,https://cdn.shopify.com/s/files/1/2232/1183/products/25.jpg?v=1502636500,3,,,,,,,,,,,,,,,,,,,kg,
cydney-plaid,,,,,,,,L,,,,,43WPLBR4,454,shopify,0,deny,manual,98.00,,true,false,,https://cdn.shopify.com/s/files/1/2232/1183/products/23.jpg?v=1502636500,4,,,,,,,,,,,,,,,,,,,kg,
cydney-plaid,,,,,,,,XL,,,,,43WPLBR5,454,shopify,1,deny,manual,98.00,,true,false,,https://cdn.shopify.com/s/files/1/2232/1183/products/24.jpg?v=1502636500,5,,,,,,,,,,,,,,,,,,,kg,
foraker-canvas-coat,Duckworth Woolfill,"<p>Inspired by the timeless, functional style of your grandfather's work coat, the Foraker features brass buttons and 4 patch pockets. Crafted in Bristol, Tennessee, our 10oz organic duck canvas is light enough for an early summer morning, but rugged enough to handle your days work.</p>
<ul class=""tabs-content"">
<li><span style=""line-height: 1.4;"">100% Organic Duck Canvas.</span></li>
</ul>",ZaraHome,Home,"en_color_Gray, en_color_Multi, en_color_Wood, en_price_$50_-_$400, en_type_Ourdoor, en_vender_Zarahome, vase",true,Color,Harvest,Size,S,,,FORAKER-CA2,0,shopify,7,deny,manual,188.00,218.00,true,true,,https://cdn.shopify.com/s/files/1/2232/1183/products/37_88b57d77-6ea7-42e1-afe2-113cbf28ed00.jpg?v=1502642263,1,,false,,,,,,,,,,,,,,,,,kg,
foraker-canvas-coat,,,,,,,,Harvest,,M,,,FORAKER-CA3,0,shopify,13,deny,manual,188.00,218.00,true,true,,https://cdn.shopify.com/s/files/1/2232/1183/products/38_86674391-b39e-4786-8954-05a74a079c40.jpg?v=1502642263,2,,,,,,,,,,,,,,,,,,,kg,
foraker-canvas-coat,,,,,,,,Harvest,,L,,,FORAKER-CA4,0,shopify,11,deny,manual,188.00,218.00,true,true,,https://cdn.shopify.com/s/files/1/2232/1183/products/39_4decc609-d1c8-4d74-ac35-2e3f1173ce2c.jpg?v=1502642263,3,,,,,,,,,,,,,,,,,,,kg,
foraker-canvas-coat,,,,,,,,Harvest,,XL,,,FORAKER-CA5,0,shopify,6,deny,manual,188.00,218.00,true,true,,,,,,,,,,,,,,,,,,,,,,kg,
foraker-canvas-coat,,,,,,,,Navy,,S,,,FORAKER-NB2,0,shopify,7,deny,manual,188.00,218.00,true,false,,,,,,,,,,,,,,,,,,,,,,kg,
foraker-canvas-coat,,,,,,,,Navy,,M,,,FORAKER-NB3,0,shopify,15,deny,manual,188.00,218.00,true,false,,,,,,,,,,,,,,,,,,,,,,kg,
foraker-canvas-coat,,,,,,,,Navy,,L,,,FORAKER-NB4,0,shopify,7,deny,manual,188.00,218.00,true,false,,,,,,,,,,,,,,,,,,,,,,kg,
foraker-canvas-coat,,,,,,,,Navy,,XL,,,FORAKER-NB5,0,shopify,0,deny,manual,188.00,218.00,true,false,,,,,,,,,,,,,,,,,,,,,,kg,
canvas-lunch-bag,Canvas Lunch,"<p><em>This is a demonstration store. You can purchase products like this from <a href=""st-unique.myshopify.com"">United By Blue.</a></em></p>
<p>Reusable, durable, and roomy. Our lunchbag has a snap-closure top that rolls down to perfect for trail snacks and lunches. Small enough to throw in any of our bags.</p>
<ul>
<li><span style=""line-height: 1.4;"">100% Organic Cotton</span></li>
<li><span style=""line-height: 1.4;"">Leather Trim</span></li>
<li>Lifetime Guarantee</li>
</ul>
<ul class=""tabs-content""></ul>",United By Blue,Home,"Chair, en_price_$50_-_$100, en_type_Decor",true,Color,white,,,,,'4219,454,shopify,2,deny,manual,32.00,,true,true,,https://cdn.shopify.com/s/files/1/2232/1183/products/16.jpg?v=1502623819,1,,false,,,,,,,,,,,,,,,,,kg,
canvas-lunch-bag,,,,,,,,black,,,,,'4216,454,shopify,0,deny,manual,32.00,,true,true,,https://cdn.shopify.com/s/files/1/2232/1183/products/17.jpg?v=1502623819,2,,,,,,,,,,,,,,,,,,,kg,
canvas-lunch-bag,,,,,,,,Nutmeg,,,,,'4218,454,shopify,1,deny,manual,32.00,,true,true,,https://cdn.shopify.com/s/files/1/2232/1183/products/18.jpg?v=1502623819,3,,,,,,,,,,,,,,,,,,,kg,
dawson-trolley,Dawson Trolley,"<p> It's a duffle. It's a wheeling suitcase. It's both. This versatile, carryon-sized travel companion has a contrast leather trim and rugged brass hardware, a removable long strap and stash pockets on the inside and outside of the bag. When not wheeling it around, easily store the collapsible handle behind a hidden zipper pocket.</p>
<ul>
<li><span style=""line-height: 1.4;"">100% organic canvas </span></li>
<li><span style=""line-height: 1.4;"">Cotton lining</span></li>
<li><span style=""line-height: 1.4;"">Leather trim</span></li>
<li><span style=""line-height: 1.4;"">Brass hardware</span></li>
<li><span style=""line-height: 1.4;"">Removable adjustable strap with leather shoulder pad</span></li>
<li>Lifetime Guarantee</li>
</ul>
<ul class=""tabs-content""></ul>",United By Blue,Bags,"en_color_Blue, en_color_Orange, en_price_$50_-_$400, en_size_XL, living, vase",true,Color,Blue pattern,,,,,'4260,2948,,0,deny,manual,278.00,,true,true,"",https://cdn.shopify.com/s/files/1/2232/1183/products/27.jpg?v=1502642860,1,,false,,"100% waxed organic cotton canvas, moss green, khaki, nutmeg, navy blue, trolley duffle travel bag.",,,,,,,,,,,,,,https://cdn.shopify.com/s/files/1/2232/1183/products/27.jpg?v=1502642860,kg,
dawson-trolley,,,,,,,,Pink pattern,,,,,"",2948,shopify,1,deny,manual,278.00,,true,true,"",https://cdn.shopify.com/s/files/1/2232/1183/products/28.jpg?v=1502642861,2,,,,,,,,,,,,,,,,,,https://cdn.shopify.com/s/files/1/2232/1183/products/28.jpg?v=1502642861,kg,
dawson-trolley,,,,,,,,Oran pattern,,,,,"",3,shopify,10,deny,manual,278.00,,true,true,"",https://cdn.shopify.com/s/files/1/2232/1183/products/29.jpg?v=1502642861,3,,,,,,,,,,,,,,,,,,https://cdn.shopify.com/s/files/1/2232/1183/products/29.jpg?v=1502642861,g,
5-panel-hat,5 Panel Camp Cap,"<meta charset=""utf-8""><meta charset=""utf-8"">
<p><span>[shortdesc]Donec fringilla sapien sed elit luctus, eget mattis dolor efficitur. Ut id libero nulla[/shortdesc]</span></p>
<p>[tab]A classic 5 panel hat with our United By Blue logo on the front and an adjustable strap to keep fit and secure. Made with recycled polyester and organic cotton mix.</p>
<ul>
<li><span style=""line-height: 1.5;"">Made in New Jersey</span></li>
<li><span style=""line-height: 1.5;"">7oz Eco-Twill fabric: 35% organic cotton, 65% recycled PET (plastic water and soda bottles) </span></li>
<li><span style=""line-height: 1.5;"">Embossed leather patch</span></li>
</ul>
<p>Donec fringilla sapien sed elit luctus, eget mattis dolor efficitur. Ut id libero nulla. Morbi aliquam tortor massa, in aliquet eros molestie in.</p>
<meta charset=""utf-8"">
<p>[/tab]</p>
<p><span>[video]http://www.youtube.com/watch?v=W7u0v-5USsI[/video]</span></p>",Marble,Accessories,"Accessories, en_color_Blue, en_color_Multi, en_color_White, en_price_$50_-_$100, en_size_M, en_type_Decor, en_type_Furniture, en_type_O'clock, en_type_Ourdoor, en_vender_Dior, en_vendor_Ktgo",true,Color,Green,Material,Plastic,,,4255OVER,454,shopify,1,deny,manual,48.00,,true,true,"",https://cdn.shopify.com/s/files/1/2232/1183/products/2.jpg?v=1510047701,1,,false,,,,,,,,,,,,,,,,https://cdn.shopify.com/s/files/1/2232/1183/products/2.jpg?v=1510047701,kg,
5-panel-hat,,,,,,,,Orange,,Wood,,,4255OR,454,shopify,26,deny,manual,48.00,,true,true,"",https://cdn.shopify.com/s/files/1/2232/1183/products/5.jpg?v=1510047701,2,,,,,,,,,,,,,,,,,,https://cdn.shopify.com/s/files/1/2232/1183/products/5.jpg?v=1510047701,kg,
5-panel-hat,,,,,,,,Green,,Chroom,,,4255GY,454,shopify,9,deny,manual,48.00,,true,true,"",https://cdn.shopify.com/s/files/1/2232/1183/products/1.jpg?v=1510047701,3,,,,,,,,,,,,,,,,,,https://cdn.shopify.com/s/files/1/2232/1183/products/x1.jpg?v=1510047701,kg,
5-panel-hat,,,,,,,,Blue,,Plastic,,,'4256,454,shopify,8,deny,manual,48.00,,true,true,,https://cdn.shopify.com/s/files/1/2232/1183/products/x4.jpg?v=1510047701,4,,,,,,,,,,,,,,,,,,https://cdn.shopify.com/s/files/1/2232/1183/products/1.jpg?v=1510047701,kg,
5-panel-hat,,,,,,,,Green,,Wood,,,Green123,454,shopify,1,deny,manual,50.00,,true,true,"",https://cdn.shopify.com/s/files/1/2232/1183/products/x5.jpg?v=1510047701,5,,,,,,,,,,,,,,,,,,https://cdn.shopify.com/s/files/1/2232/1183/products/x5.jpg?v=1510047701,kg,
5-panel-hat,,,,,,,,Red,,Wood,,,Redwood,454,shopify,100,deny,manual,48.00,,true,true,"",https://cdn.shopify.com/s/files/1/2232/1183/products/x2.jpg?v=1510047701,6,,,,,,,,,,,,,,,,,,https://cdn.shopify.com/s/files/1/2232/1183/products/x4.jpg?v=1510047701,kg,
5-panel-hat,,,,,,,,,,,,,,,,,,,,,,,,https://cdn.shopify.com/s/files/1/2232/1183/products/x1.jpg?v=1510047701,7,,,,,,,,,,,,,,,,,,,,
5-panel-hat,,,,,,,,,,,,,,,,,,,,,,,,https://cdn.shopify.com/s/files/1/2232/1183/products/3.jpg?v=1510047701,8,,,,,,,,,,,,,,,,,,,,
5-panel-hat,,,,,,,,,,,,,,,,,,,,,,,,https://cdn.shopify.com/s/files/1/2232/1183/products/x3.jpg?v=1510047701,9,,,,,,,,,,,,,,,,,,,,
5-panel-hat,,,,,,,,,,,,,,,,,,,,,,,,https://cdn.shopify.com/s/files/1/2232/1183/products/4.jpg?v=1510047701,10,,,,,,,,,,,,,,,,,,,,
lunar-cirque,Moon Cycle,"<div>Julie is 5'8"" and wearing a size small</div>
<ul class=""tabs-content"">
<li><span style=""line-height: 1.4;"">100% Organic Cotton</span></li>
<li><span style=""line-height: 1.4;"">Stone Washed Slub Knit</span></li>
<li><span style=""line-height: 1.4;"">6 oz Jersey Fabric</span></li>
<li>Made in California</li>
</ul>
<p> </p>",Bush Smarts,Accessories,Accessories,true,Color,Gunmetal,Size,XS,,,41WLCGMV1,0,shopify,4,deny,manual,36.00,,true,false,,https://cdn.shopify.com/s/files/1/2232/1183/products/72.jpg?v=1504113123,1,,false,,,,,,,,,,,,,,,,,kg,
lunar-cirque,,,,,,,,Gunmetal,,S,,,41WLCGMV2,0,shopify,3,deny,manual,36.00,,true,false,,https://cdn.shopify.com/s/files/1/2232/1183/products/74.jpg?v=1504113123,2,,,,,,,,,,,,,,,,,,,kg,
lunar-cirque,,,,,,,,Gunmetal,,M,,,41WLCGMV3,0,shopify,4,deny,manual,36.00,,true,false,,https://cdn.shopify.com/s/files/1/2232/1183/products/73.jpg?v=1504113123,3,,,,,,,,,,,,,,,,,,,kg,
lunar-cirque,,,,,,,,Gunmetal,,L,,,41WLCGMV4,0,shopify,2,deny,manual,36.00,,true,false,,,,,,,,,,,,,,,,,,,,,,kg,
lunar-cirque,,,,,,,,Gunmetal,,XL,,,41WLCGMV5,0,shopify,4,deny,manual,36.00,,true,false,,,,,,,,,,,,,,,,,,,,,,kg,
guaranteed,Guaranteed,"<p> </p>
<ul>
<li><span style=""line-height: 1.4;"">100% organic cotton, stone washed slub knit 6 oz jersey fabric</span></li>
<li><span style=""line-height: 1.4;"">Made in California</span></li>
</ul>
<span style=""line-height: 1.4;""></span>
<ul class=""tabs-content""></ul>",Dior,Home,"en_color_Black, en_price_$10_-_$100, en_type_Decor, en_vender_Dior, living",true,Color,Navy,Size,XS,,,41WGRNBV1,0,shopify,0,deny,manual,36.00,,true,false,,https://cdn.shopify.com/s/files/1/2232/1183/products/43.jpg?v=1502641963,1,,false,,,,,,,,,,,,,,,,,kg,
guaranteed,,,,,,,,Navy,,S,,,41WGRNBV2,0,shopify,6,deny,manual,36.00,,true,false,,https://cdn.shopify.com/s/files/1/2232/1183/products/45.jpg?v=1502641963,2,,,,,,,,,,,,,,,,,,,kg,
guaranteed,,,,,,,,Navy,,M,,,41WGRNBV3,0,shopify,0,deny,manual,36.00,,true,false,,https://cdn.shopify.com/s/files/1/2232/1183/products/44.jpg?v=1502641963,3,,,,,,,,,,,,,,,,,,,kg,
guaranteed,,,,,,,,Navy,,L,,,41WGRNBV4,0,shopify,0,deny,manual,36.00,,true,false,,,,,,,,,,,,,,,,,,,,,,kg,
guaranteed,,,,,,,,Navy,,XL,,,41WGRNBV5,0,shopify,0,deny,manual,36.00,,true,false,,,,,,,,,,,,,,,,,,,,,,kg,
chevron,Chevron,"<p> </p>
<ul>
<li><span style=""line-height: 1.4;"">100% organic cotton, stone washed slub knit 6 oz jersey fabric</span></li>
<li><span style=""line-height: 1.4;"">Made in California.</span></li>
</ul>
<span style=""line-height: 1.4;""></span>
<ul class=""tabs-content""></ul>",United By Blue,Home,"en_color_Multi, en_price_$30_-_$49, en_type_Decor, en_vender_Dior, garden, vase",true,Color,Multi,Size,XS,,,41WCVCMV1,0,shopify,0,deny,manual,36.00,,true,false,"",https://cdn.shopify.com/s/files/1/2232/1183/products/19.jpg?v=1502643298,1,,false,,,,,,,,,,,,,,,,https://cdn.shopify.com/s/files/1/2232/1183/products/21.jpg?v=1502643298,kg,
chevron,,,,,,,,Cream Melange,,S,,,41WCVCMV2,0,shopify,1,deny,manual,36.00,,true,false,"",https://cdn.shopify.com/s/files/1/2232/1183/products/20.jpg?v=1502643298,2,,,,,,,,,,,,,,,,,,https://cdn.shopify.com/s/files/1/2232/1183/products/20.jpg?v=1502643298,kg,
chevron,,,,,,,,Cream Melange,,M,,,41WCVCMV3,0,shopify,0,deny,manual,40.00,,true,false,"",https://cdn.shopify.com/s/files/1/2232/1183/products/21.jpg?v=1502643298,3,,,,,,,,,,,,,,,,,,https://cdn.shopify.com/s/files/1/2232/1183/products/19.jpg?v=1502643298,kg,
chevron,,,,,,,,Cream Melange,,L,,,41WCVCMV4,0,shopify,0,deny,manual,36.00,,true,false,,,,,,,,,,,,,,,,,,,,,,kg,
chevron,,,,,,,,Cream Melange,,XL,,,41WCVCMV5,0,shopify,0,deny,manual,36.00,,true,false,,,,,,,,,,,,,,,,,,,,,,kg,
derby-tier-backpack,Derby Tier Backpack,"<p><span>[shortdesc]Donec </span>fringilla<span> </span>sapien<span> sed </span>elit<span> </span>luctus<span>, </span>eget<span> </span>mattis<span> dolor </span>efficitur<span>. Ut id libero nulla[/shortdesc]</span></p>
<p>Our Derby backpack is built with downpour proof sustainable canvas complemented by leather trim and brass hardware. Features padded canvas shoulder straps adjustable for all -day comfort. Finished with a drawstring closure and snap buckles to keep your belongings safe and secure on any trail taken.</p>
<ul>
<li><span style=""line-height: 1.4;"">100% organic waxed 18 oz canvas</span></li>
<li><span style=""line-height: 1.4;"">Full grain genuine leather trim</span></li>
<li><span style=""line-height: 1.4;"">Heavy-duty brass hardware and YKK zippers</span></li>
<li>Lifetime Guarantee</li>
</ul>
<ul class=""tabs-content""></ul>",United By Blue,Bags,"Accessories, copper, en_color_Wood, en_price_$50_-_$400, en_type_Furniture, wood",true,Color,Wood,,,,,'4160,1361,shopify,49,deny,manual,148.00,165.00,true,true,"",https://cdn.shopify.com/s/files/1/2232/1183/products/30.jpg?v=1502642648,1,,false,,"100% organic canvas exterior with padded straps, leather details, and brass hardware. Available in Navy Blue, Khaki, Moss Green, Nutmeg, and Chocolate",,,,,,,,,,,,,,,kg,
derby-tier-backpack,,,,,,,,,,,,,,,,,,,,,,,,https://cdn.shopify.com/s/files/1/2232/1183/products/31.jpg?v=1502642648,2,,,,,,,,,,,,,,,,,,,,
derby-tier-backpack,,,,,,,,,,,,,,,,,,,,,,,,https://cdn.shopify.com/s/files/1/2232/1183/products/32.jpg?v=1502642648,3,,,,,,,,,,,,,,,,,,,,
derby-tier-backpack,,,,,,,,,,,,,,,,,,,,,,,,https://cdn.shopify.com/s/files/1/2232/1183/products/33.jpg?v=1502642648,4,,,,,,,,,,,,,,,,,,,,
harriet-chambray,Harriet Chambray,"<ul class=""tabs-content"">
<li><span style=""line-height: 1.4;"">100% Organic Cotton Chambray, 4.9 oz Fabric</span></li>
<li><span style=""line-height: 1.4;"">Natural Corozo Buttons</span></li>
<li><span style=""line-height: 1.4;"">Made in United By Blue's hometown of Philadelphia, USA</span></li>
</ul>
<span style=""line-height: 1.5;"">Christine is 5'6"" and is wearing a size small</span><br style=""line-height: 1.4;"">
<ul class=""tabs-content""></ul>",Snow Peak,Womens,"Accessories, Chair, en_color_Black, en_color_Blue, en_color_White, en_color_Yellow, en_price_$50_-_$100, en_vender_Peark, living",true,Color,Black,Size,XS,,,43WCHBL1,0,shopify,7,deny,manual,98.00,,true,true,"",https://cdn.shopify.com/s/files/1/2232/1183/products/46.jpg?v=1502641783,1,,false,,"100% organic cotton chambray, 4.9 oz fabric, natural corozo buttons.  Made in United By Blue's hometown of Philadelphia, USA.",,,,,,,,,,,,,,https://cdn.shopify.com/s/files/1/2232/1183/products/46.jpg?v=1502641783,kg,
harriet-chambray,,,,,,,,Blue,,S,,,43WCHBL2,0,shopify,10,deny,manual,98.00,,true,false,"",https://cdn.shopify.com/s/files/1/2232/1183/products/47.jpg?v=1502641783,2,,,,,,,,,,,,,,,,,,https://cdn.shopify.com/s/files/1/2232/1183/products/49.jpg?v=1502641783,kg,
harriet-chambray,,,,,,,,Yellow,,M,,,43WCHBL3,0,shopify,10,deny,manual,98.00,,true,false,"",https://cdn.shopify.com/s/files/1/2232/1183/products/48.jpg?v=1502641783,3,,,,,,,,,,,,,,,,,,https://cdn.shopify.com/s/files/1/2232/1183/products/50.jpg?v=1502641783,kg,
harriet-chambray,,,,,,,,White,,L,,,43WCHBL4,0,shopify,100,deny,manual,98.00,,true,false,"",https://cdn.shopify.com/s/files/1/2232/1183/products/49.jpg?v=1502641783,4,,,,,,,,,,,,,,,,,,https://cdn.shopify.com/s/files/1/2232/1183/products/48.jpg?v=1502641783,kg,
harriet-chambray,,,,,,,,Blue Chambray,,XL,,,43WCHBL5,0,shopify,0,deny,manual,98.00,,true,false,,https://cdn.shopify.com/s/files/1/2232/1183/products/50.jpg?v=1502641783,5,,,,,,,,,,,,,,,,,,,kg,
gertrude-cardigan,Gertrude Cardigan,"<p><em>This is a demonstration store. You can purchase products like this from <a href=""http://unitedbyblue.com/"" target=""_blank"" rel=""noopener noreferrer"">United By Blue</a>.</em></p>
<p>There’s a certain type of Cardigan that’s common in the old quays of Dublin and the wind battered coasts throughout Britain. We’ve brought this old world flare across the pond.</p>
<ul>
<li><span style=""line-height: 1.4;"">100% Wool, 8 gauge</span></li>
<li><span style=""line-height: 1.4;"">Handmade in Nepal</span></li>
</ul>
<ul class=""tabs-content""></ul>",ZaraHome,Womens,"en_color_Gray, en_price_$50_-_$100, en_size_S, en_size_XL, en_size_XS, en_vender_Zarahome, Sweaters",true,Color,Charcoal,Size,XS,,,22WCDCHC1,454,shopify,4,deny,manual,108.00,,true,true,,https://cdn.shopify.com/s/files/1/2232/1183/products/40_1413fae8-32dd-4e57-a2b9-e1f6c5898fef.jpg?v=1502642199,1,,false,,"The Shipton Cardigan by United By Blue. 100% Nepalese Wool, 8 guage. Handmade",,,,,,,,,,,,,,,kg,
gertrude-cardigan,,,,,,,,Charcoal,,S,,,22WCDCHC2,454,shopify,9,deny,manual,108.00,,true,false,,https://cdn.shopify.com/s/files/1/2232/1183/products/41.jpg?v=1502642199,2,,,,,,,,,,,,,,,,,,,kg,
gertrude-cardigan,,,,,,,,Charcoal,,M,,,22WCDCHC3,454,shopify,0,deny,manual,108.00,,true,false,,https://cdn.shopify.com/s/files/1/2232/1183/products/42.jpg?v=1502642199,3,,,,,,,,,,,,,,,,,,,kg,
gertrude-cardigan,,,,,,,,Charcoal,,L,,,22WCDCHC4,454,shopify,2,deny,manual,108.00,,true,false,,,,,,,,,,,,,,,,,,,,,,kg,
gertrude-cardigan,,,,,,,,Charcoal,,XL,,,22WCDCHC5,454,shopify,0,deny,manual,108.00,,true,false,,,,,,,,,,,,,,,,,,,,,,kg,
mud-scrub-soap,Mud Scrub Soap,"<p>Bush Smart's Mud Scrub is part of their ""Man Soap"" collection. The Mud Scrub soap is made from patchouli essential oil, purifying mud, and all natural vegetable ingredients.</p>
<ul class=""tabs-content"">
<li>10.5oz ( 3 x 3.5oz bars)</li>
<li>
<p class=""p1"">Made in NY, USA</p>
</li>
</ul>
<ul class=""tabs-content""></ul>",Bush Smarts,Home,"copper, en_type_Decor, pots",true,Title,Mud Scrub Soap,,,,,MUD SCRUB,113,shopify,0,deny,manual,15.00,,true,true,,https://cdn.shopify.com/s/files/1/2232/1183/products/75.jpg?v=1504113353,1,,false,,"Bush Smart's Mud Scrub is part of their ""Man Soap"" collection. The Mud Scrub soap is made from patchouli essential oil, purifying mud, and all natural vegetable ingredients.",,,,,,,,,,,,,,,kg,
mud-scrub-soap,,,,,,,,,,,,,,,,,,,,,,,,https://cdn.shopify.com/s/files/1/2232/1183/products/76.jpg?v=1504113353,2,,,,,,,,,,,,,,,,,,,,
pennsylvania-field-notes,Pennsylvania,"<p>These Pennsylvania themed notebooks are part of the ""County Fair Edition"" Field Notes. With this 3-Pack, we pay homage to United By Blue's home state of PA.  The colors of the notebooks are the colors of 1st, 2nd and 3rd place County Fair ribbons; blue, red and yellow. They’re printed on 100-lb. linen cover stock and all three feature metallic gold printing and 48 pages of blank graph paper with light blue/grey lines inside. The back covers feature a bevy of meticulously-researched state facts and figures.</p>
<ul>
<li><span style=""line-height: 1.4;"">3-1/2” wide by 5-1/2” tall</span></li>
</ul>
<ul class=""tabs-content""></ul>",Wood,Home,"en_type_Furniture, en_vender_Dior, Silicone, wood",true,Title,Default Title,,,,,fn-penn,113,shopify,0,deny,manual,10.00,,true,true,,https://cdn.shopify.com/s/files/1/2232/1183/products/77.jpg?v=1504113401,1,,false,,"The Field Notes ""State Fair"" limited edition series features three notebooks, each with information on the great state of Pennsylvania",,,,,,,,,,,,,,,kg,
pennsylvania-field-notes,,,,,,,,,,,,,,,,,,,,,,,,https://cdn.shopify.com/s/files/1/2232/1183/products/78.jpg?v=1504113401,2,,,,,,,,,,,,,,,,,,,,
lodge,Lodge,"<p> The lodge, after a day of white slopes, is a place of revelry, blazing fires and high spirits.</p>
<ul>
<li><span style=""line-height: 1.4;"">100% organic cotton, stone washed slub knit 6 oz jersey fabric</span></li>
</ul>",United By Blue,Outdoor,"bowl, copper, en_color_Blue, en_price_$10_-_$100, living, vase",true,Color,Violet,Size,XS,,,33WSLWHV1,0,shopify,2,deny,manual,36.00,,true,true,,https://cdn.shopify.com/s/files/1/2232/1183/products/56.jpg?v=1502644016,1,,false,,"The lodge, after a day of white slopes, is a place of revelry, blazing fires and high spirits.  100% organic cotton, stonewashed graphic tee.",,,,,,,,,,,,,,https://cdn.shopify.com/s/files/1/2232/1183/products/56.jpg?v=1502644016,kg,
lodge,,,,,,,,LightGreen,,S,,,33WSLWHV2,0,shopify,10,deny,manual,36.00,,true,false,,https://cdn.shopify.com/s/files/1/2232/1183/products/57.jpg?v=1502644016,2,,,,,,,,,,,,,,,,,,https://cdn.shopify.com/s/files/1/2232/1183/products/57.jpg?v=1502644016,kg,
lodge,,,,,,,,LightBlue,,M,,,33WSLWHV3,0,shopify,1,deny,manual,36.00,,true,false,,https://cdn.shopify.com/s/files/1/2232/1183/products/58.jpg?v=1502644016,3,,,,,,,,,,,,,,,,,,https://cdn.shopify.com/s/files/1/2232/1183/products/58.jpg?v=1502644016,kg,
lodge,,,,,,,,Yellow,,L,,,33WSLWHV4,0,shopify,1,deny,manual,36.00,,true,false,,https://cdn.shopify.com/s/files/1/2232/1183/products/59.jpg?v=1502644016,4,,,,,,,,,,,,,,,,,,https://cdn.shopify.com/s/files/1/2232/1183/products/59.jpg?v=1502644016,kg,
lodge,,,,,,,,Tomato,,XL,,,33WSLWHV5,0,shopify,1,deny,manual,36.00,,true,false,,https://cdn.shopify.com/s/files/1/2232/1183/products/60.jpg?v=1502644016,5,,,,,,,,,,,,,,,,,,https://cdn.shopify.com/s/files/1/2232/1183/products/60.jpg?v=1502644016,kg,
lodge,,,,,,,,Violet,,S,,,xxx-violet,0,shopify,2,deny,manual,36.00,,true,true,"",,,,,,,,,,,,,,,,,,,,https://cdn.shopify.com/s/files/1/2232/1183/products/56.jpg?v=1502644016,kg,
ayers-chambray,Ayres Chambray,"<p>Comfortable and practical, our chambray button down is perfect for travel or days spent on the go. The Ayres Chambray has a rich, washed out indigo color suitable to throw on for any event. Made with sustainable soft chambray featuring two chest pockets with sturdy and scratch resistant corozo buttons.</p>
<ul class=""tabs-content"">
<li><span style=""line-height: 1.4;"">100% Organic Cotton Chambray, 4.9 oz Fabric.</span></li>
<li><span style=""line-height: 1.4;"">Natural Corozo Buttons.</span></li>
</ul>",United By Blue,Bags,"en_color_White, en_price_$50_-_$400, en_size_L, en_size_M, en_size_S, en_size_XL, en_type_Furniture, en_vender_Dior, Shirts",true,Size,S,,,,,43MCHBL2,0,shopify,0,deny,manual,98.00,,true,false,,https://cdn.shopify.com/s/files/1/2232/1183/products/9.jpg?v=1502622378,1,,false,,,,,,,,,,,,,,,,,kg,
ayers-chambray,,,,,,,,M,,,,,43MCHBL3,0,shopify,0,deny,manual,130.00,,true,false,,https://cdn.shopify.com/s/files/1/2232/1183/products/10.jpg?v=1502622378,2,,,,,,,,,,,,,,,,,,,kg,
ayers-chambray,,,,,,,,L,,,,,43MCHBL4,0,shopify,0,deny,manual,98.00,,true,false,,https://cdn.shopify.com/s/files/1/2232/1183/products/11.jpg?v=1502622378,3,,,,,,,,,,,,,,,,,,,kg,
ayers-chambray,,,,,,,,XL,,,,,43MCHBL5,0,shopify,0,deny,manual,102.00,,true,false,,,,,,,,,,,,,,,,,,,,,,kg,
example-decor,Example Decor,"<meta charset=""utf-8"">
<p><span>[shortdesc]Donec fringilla sapien sed elit luctus, eget mattis dolor efficitur. Ut id libero nulla[/shortdesc]</span></p>
<p>[tab]A classic 5 panel hat with our United By Blue logo on the front and an adjustable strap to keep fit and secure. Made with recycled polyester and organic cotton mix.</p>
<ul>
<li><span>Made in New Jersey</span></li>
<li><span>7oz Eco-Twill fabric: 35% organic cotton, 65% recycled PET (plastic water and soda bottles) </span></li>
<li><span>Embossed leather patch</span></li>
</ul>
<ul class=""tabs""></ul>
<p>[/tab] </p>
<p>Donec fringilla sapien sed elit luctus, eget mattis dolor efficitur. Ut id libero nulla. Morbi aliquam tortor massa, in aliquet eros molestie in. Quisque eleifend diam leo, a bibendum mi eleifend eget.Lorem ipsum dolor sit amet, consectetur adipisicing elit. Repudiandae dolores atque, fugiat, ipsum quo aperiam non suscipit sint corporis quos.</p>",Acme,Home,"Accessories, en_color_Blue, en_color_Multi, en_color_Orange, en_price_$10_-_$100, en_type_Ourdoor, en_vender_Acme",true,Size,Small,Color,Orange,,,example,200,shopify,100,deny,manual,19.99,24.99,true,true,"",https://cdn.shopify.com/s/files/1/2232/1183/products/7_3bd39cb3-f721-4ba1-ba58-31b232895c52.jpg?v=1504112583,1,,false,Our awesome T-shirt in 70 characters or less.,A great description of your products in 160 characters or less,Apparel & Accessories > Clothing,Unisex,Adult,7X8ABC910,T-shirts,"cotton, pre-shrunk",used,FALSE,,,,,,https://cdn.shopify.com/s/files/1/2232/1183/products/8_7e21bb00-bd1a-4a7a-9651-505221bb58e3.jpg?v=1504112583,kg,
example-decor,,,,,,,,Medium,,Blue,,,example-m,200,shopify,100,deny,manual,19.99,24.99,true,true,,https://cdn.shopify.com/s/files/1/2232/1183/products/8_7e21bb00-bd1a-4a7a-9651-505221bb58e3.jpg?v=1504112583,2,,,,,,,,,,,,,,,,,,https://cdn.shopify.com/s/files/1/2232/1183/products/6_208e1ee8-0391-45b9-8932-d90a7ad58777.jpg?v=1504112583,kg,
example-decor,,,,,,,,Medium,,Orange,,,SKUcoco,200,,1,deny,manual,19.99,24.99,true,true,UPC,https://cdn.shopify.com/s/files/1/2232/1183/products/6_208e1ee8-0391-45b9-8932-d90a7ad58777.jpg?v=1504112583,3,,,,,,,,,,,,,,,,,,https://cdn.shopify.com/s/files/1/2232/1183/products/6.jpg?v=1504112583,kg,
example-decor,,,,,,,,,,,,,,,,,,,,,,,,https://cdn.shopify.com/s/files/1/2232/1183/products/6.jpg?v=1504112583,4,,,,,,,,,,,,,,,,,,,,
example-decor,,,,,,,,,,,,,,,,,,,,,,,,https://cdn.shopify.com/s/files/1/2232/1183/products/7.jpg?v=1504112583,5,,,,,,,,,,,,,,,,,,,,
example-decor,,,,,,,,,,,,,,,,,,,,,,,,https://cdn.shopify.com/s/files/1/2232/1183/products/8.jpg?v=1504112583,6,,,,,,,,,,,,,,,,,,,,
